"מקור","קטגוריה/מדינה","כותרת","סוג","הערות/זווית","סטטוס"
"גרינגו","כללי - יבשת","המדריך המלא לדרום אמריקה","קיים לשכתוב","","טרם התחיל"
"גרינגו","כללי - יבשת","הזמנת אוטובוסים ביבשת בקלות (GrinBus)","קיים לשכתוב","","טרם התחיל"
"גרינגו","כללי - יבשת","כמה עולה טיול בדרום אמריקה?","קיים לשכתוב","","טרם התחיל"
"גרינגו","כללי - יבשת","תכנון מסלול לדרום אמריקה","קיים לשכתוב","","טרם התחיל"
"גרינגו","כללי - יבשת","כרטיס טיסה פיקטיבי דרך אקספדיה","קיים לשכתוב","","טרם התחיל"
"גרינגו","כללי - יבשת","רשימת ציוד לטיול הגדול","קיים לשכתוב","","טרם התחיל"
"גרינגו","כללי - יבשת","אפליקציות מומלצות לטיול","קיים לשכתוב","","טרם התחיל"
"גרינגו","כללי - יבשת","טיפים לחיסכון בטיול","קיים לשכתוב","","טרם התחיל"
"גרינגו","כללי - יבשת","מוצ'ילה או מזוודה?","קיים לשכתוב","","טרם התחיל"
"גרינגו","כללי - יבשת","פסטיבלים והופעות באמריקה הלטינית 2026","קיים לשכתוב","","טרם התחיל"
"גרינגו","כללי - יבשת","קבוצות וואטסאפ למטיילים (מדריך + רשימה)","קיים לשכתוב","","טרם התחיל"
"גרינגו","ארגנטינה","המדריך המלא לארגנטינה","קיים לשכתוב","Similarweb (מוצילר): 'ארגנטינה' 320 קליקים אבל -36% YoY - ירידה בעניין, לא עדיפות דחופה כרגע. || נכתב ופורסם ב-VAMOS 27.07.2026: articles/argentina-guide.html","פורסם"
"גרינגו","ארגנטינה","הוסטלים מומלצים בארגנטינה","קיים לשכתוב","","טרם התחיל"
"גרינגו","ארגנטינה","מלונות ודירות מומלצים בארגנטינה","קיים לשכתוב","","טרם התחיל"
"גרינגו","ארגנטינה","איך מגיעים למקומות בארגנטינה","קיים לשכתוב","","טרם התחיל"
"גרינגו","ארגנטינה","עונה מומלצת לטיול בארגנטינה","קיים לשכתוב","","טרם התחיל"
"גרינגו","ארגנטינה","מעברי הגבול של ארגנטינה","קיים לשכתוב","","טרם התחיל"
"גרינגו","ארגנטינה","סכנות וכללי בטיחות בארגנטינה","קיים לשכתוב","","טרם התחיל"
"גרינגו","ארגנטינה","המדריך המלא לקרטרה אוסטרל","קיים לשכתוב","","טרם התחיל"
"גרינגו","ארגנטינה","רואד טריפ בצפון ארגנטינה","קיים לשכתוב","","טרם התחיל"
"גרינגו","ארגנטינה","מסלולי טיול מומלצים בארגנטינה","קיים לשכתוב","","טרם התחיל"
"גרינגו","צ'ילה","המדריך המלא לצ'ילה","קיים לשכתוב"," || נכתב ופורסם ב-VAMOS 27.07.2026: articles/chile-guide.html","פורסם"
"גרינגו","צ'ילה","עונה מומלצת ומזג אוויר בצ'ילה","קיים לשכתוב","","טרם התחיל"
"גרינגו","צ'ילה","הוסטלים מומלצים בצ'ילה","קיים לשכתוב","","טרם התחיל"
"גרינגו","צ'ילה","מלונות מומלצים בצ'ילה","קיים לשכתוב","","טרם התחיל"
"גרינגו","צ'ילה","התניידות ודרכי הגעה בצ'ילה","קיים לשכתוב","","טרם התחיל"
"גרינגו","צ'ילה","הכל על פוקון","קיים לשכתוב","","טרם התחיל"
"גרינגו","צ'ילה","מסלולי טיול מומלצים בצ'ילה","קיים לשכתוב","","טרם התחיל"
"גרינגו","צ'ילה","המדריך המלא לטורס דל פיינה","קיים לשכתוב","","טרם התחיל"
"גרינגו","צ'ילה","מעברי הגבול של צ'ילה","קיים לשכתוב","","טרם התחיל"
"גרינגו","ברזיל","המדריך המלא לברזיל","קיים לשכתוב","Similarweb - נבדקה סתירה: 1 חודש -10%, 2 חודשים -10%, 6 חודשים -53%, ורק 3 חודשים הראה +350% (כנראה תוצר לוואי של בסיס נמוך, כמו בוליביה). מסקנה: ברזיל לא במגמת עלייה כרגע, אולי אפילו ירידה מתונה. לא עדיפות דחופה על בסיס טרנד, למרות שזו מדינת דגל. עדכון: לפי ההסבר של המשתמש, זו כנראה תנודה עונתית (""הגל העולה"") ולא סימן לחשיבות נמוכה יותר - כל היעדים קריטיים באותה מידה, זו שאלה של תזמון פרסום, לא עדיפות. || נכתב ופורסם ב-VAMOS 27.07.2026: articles/brazil-guide.html","פורסם"
"גרינגו","ברזיל","עונה מומלצת ומזג אוויר בברזיל","קיים לשכתוב","","טרם התחיל"
"גרינגו","ברזיל","דרכי הגעה והתניידות בברזיל","קיים לשכתוב","","טרם התחיל"
"גרינגו","ברזיל","המדריך לקרנבל ברזיל 2026","קיים לשכתוב","","טרם התחיל"
"גרינגו","ברזיל","הוסטלים מומלצים בברזיל","קיים לשכתוב","","טרם התחיל"
"גרינגו","ברזיל","מלונות ודירות מומלצים בברזיל","קיים לשכתוב","","טרם התחיל"
"גרינגו","ברזיל","קרנבל סלבדור 2026","קיים לשכתוב","","טרם התחיל"
"גרינגו","ברזיל","קרנבל ריו דה ז'נרו 2026","קיים לשכתוב","","טרם התחיל"
"גרינגו","ברזיל","קרנבל אורו פרטו 2026","קיים לשכתוב","","טרם התחיל"
"גרינגו","ברזיל","קרנבל פלורה 2026","קיים לשכתוב","","טרם התחיל"
"גרינגו","פרו","המדריך המלא לפרו","קיים לשכתוב","Similarweb: 60-90 קליקים לאורך 2/3/6 חודשים, נפח חיפוש 2.4K - ביצועים יציבים ואמיתיים, לא טרנד מתפוצץ אבל בסיס מוצק (מדינת דגל). || נכתב ופורסם ב-VAMOS 27.07.2026: articles/peru-guide.html","פורסם"
"גרינגו","פרו","עונה מומלצת ומזג אוויר בפרו","קיים לשכתוב","","טרם התחיל"
"גרינגו","פרו","דרכי הגעה והתניידות בפרו","קיים לשכתוב","","טרם התחיל"
"גרינגו","פרו","הוסטלים מומלצים בפרו","קיים לשכתוב","","טרם התחיל"
"גרינגו","פרו","מלונות מומלצים בפרו","קיים לשכתוב","","טרם התחיל"
"גרינגו","פרו","מסלולי טיול בפרו","קיים לשכתוב","","טרם התחיל"
"גרינגו","פרו","המדריך למאצ'ו פיצ'ו","קיים לשכתוב","","טרם התחיל"
"גרינגו","פרו","כל המידע על קוסקו","קיים לשכתוב","","טרם התחיל"
"גרינגו","פרו","מעברי הגבול של פרו","קיים לשכתוב","","טרם התחיל"
"גרינגו","פרו","סכנות וכללי בטיחות בפרו","קיים לשכתוב","","טרם התחיל"
"גרינגו","בוליביה","המדריך המלא לבוליביה","קיים לשכתוב","Similarweb (גרינגו) - עודכן אחרי בדיקה על פני כמה טווחי זמן: ה-YoY (+380%) מטעה - כנראה בסיס נמוך. בטווח 3 ו-6 חודשים המילה בפועל יורדת (-56%, -50%). לא עדיפות דחופה כמו שחשבנו קודם. עדכון: לפי ההסבר של המשתמש, זו כנראה תנודה עונתית (""הגל העולה"") ולא סימן לחשיבות נמוכה יותר - כל היעדים קריטיים באותה מידה, זו שאלה של תזמון פרסום, לא עדיפות. || נכתב ופורסם ב-VAMOS 27.07.2026: articles/bolivia-guide.html","פורסם"
"גרינגו","בוליביה","עונה מומלצת ומזג אוויר בבוליביה","קיים לשכתוב","","טרם התחיל"
"גרינגו","בוליביה","המדריך המלא ללה פאז","קיים לשכתוב","","טרם התחיל"
"גרינגו","בוליביה","התנהלות כספית חכמה בבוליביה","קיים לשכתוב","","טרם התחיל"
"גרינגו","בוליביה","מקומות לינה מומלצים בבוליביה","קיים לשכתוב","","טרם התחיל"
"גרינגו","בוליביה","דרכי הגעה בבוליביה","קיים לשכתוב","","טרם התחיל"
"גרינגו","בוליביה","מעברי הגבול של בוליביה","קיים לשכתוב","","טרם התחיל"
"גרינגו","בוליביה","מסלולי טיול מומלצים בבוליביה","קיים לשכתוב","","טרם התחיל"
"גרינגו","בוליביה","סכנות וכללי בטיחות בבוליביה","קיים לשכתוב","","טרם התחיל"
"גרינגו","אקוודור","המדריך המלא לטיול באקוודור","קיים לשכתוב","Similarweb: 70-90 קליקים יציבים ב-3/6 חודשים, תחרות נמוכה מאוד (KD 6, Comp 1) - הזדמנות טובה יחסית לדרג בקלות, נפח חיפוש 2.5K. || נכתב ופורסם ב-VAMOS 27.07.2026: articles/ecuador-guide.html","פורסם"
"גרינגו","אקוודור","הוסטלים מומלצים באקוודור","קיים לשכתוב","","טרם התחיל"
"גרינגו","אקוודור","מלונות מומלצים באקוודור","קיים לשכתוב","","טרם התחיל"
"גרינגו","אקוודור","המדריך המלא לאיי הגלאפגוס","קיים לשכתוב","","טרם התחיל"
"גרינגו","אקוודור","האי סן קריסטובל בגלאפגוס","קיים לשכתוב","","טרם התחיל"
"גרינגו","אקוודור","האי סנטה קרוז בגלאפגוס","קיים לשכתוב","","טרם התחיל"
"גרינגו","אקוודור","מסלולי טיול באקוודור","קיים לשכתוב","","טרם התחיל"
"גרינגו","אקוודור","עונה מומלצת ומזג האוויר באקוודור","קיים לשכתוב","","טרם התחיל"
"גרינגו","אקוודור","מעברי הגבול של אקוודור","קיים לשכתוב","","טרם התחיל"
"גרינגו","אקוודור","סכנות וכללי בטיחות באקוודור","קיים לשכתוב","","טרם התחיל"
"גרינגו","קולומביה","המדריך המלא לקולומביה","קיים לשכתוב","Similarweb: מילת הבסיס ''קולומביה'' חלשה ותחרותית מאוד (KD 18, Comp 96, כוונה ניווטית), אבל האשכול סביבה חזק - ''האם בטוח לטייל בקולומביה'' (100 קליקים), קרטחנה (90 קליקים). כדאי למקד את הכתבה בשאלות האלה, לא במילה הכללית. || נכתב ופורסם ב-VAMOS 27.07.2026: articles/colombia-guide.html","פורסם"
"גרינגו","קולומביה","מדריך להוצאת ויזה לקולומביה","קיים לשכתוב","Similarweb: מוצילר מקבל 260 קליקים החודש על מילת החיפוש המדויקת ''ויזה לקולומביה'' - מילה חדשה שצומחת כי קולומביה מבטלת דרישת ויזה ב-7.8.2026. עדכן/כתוב את הכתבה הזו בדחיפות.","טרם התחיל"
"גרינגו","קולומביה","מלונות מומלצים בקולומביה","קיים לשכתוב","","טרם התחיל"
"גרינגו","קולומביה","הוסטלים מומלצים בקולומביה","קיים לשכתוב","","טרם התחיל"
"גרינגו","קולומביה","דרכי הגעה והתניידות בקולומביה","קיים לשכתוב","","טרם התחיל"
"גרינגו","קולומביה","עונה מומלצת ומזג אוויר בקולומביה","קיים לשכתוב","","טרם התחיל"
"גרינגו","קולומביה","מסלולי טיול מומלצים בקולומביה","קיים לשכתוב","","טרם התחיל"
"גרינגו","קולומביה","מעברי הגבול של קולומביה","קיים לשכתוב","","טרם התחיל"
"גרינגו","קולומביה","טרקים מומלצים בקולומביה","קיים לשכתוב","","טרם התחיל"
"גרינגו","קולומביה","סכנות וכללי בטיחות בקולומביה","קיים לשכתוב","","טרם התחיל"
"גרינגו","מקסיקו","המדריך המלא למקסיקו","קיים לשכתוב","Similarweb: ביצועים יציבים לאורך 3/6 חודשים (מגמה חדשה בשניהם), תחרות נמוכה (Comp 1), נפח חיפוש 7.3K - בסיס מוצק, לא טרנד מתפרץ. || נכתב ופורסם ב-VAMOS 27.07.2026: articles/mexico-guide.html","פורסם"
"גרינגו","מקסיקו","מלונות מומלצים במקסיקו","קיים לשכתוב","","טרם התחיל"
"גרינגו","מקסיקו","הוסטלים מומלצים במקסיקו","קיים לשכתוב","","טרם התחיל"
"גרינגו","מקסיקו","אטרקציות חובה במקסיקו","קיים לשכתוב","","טרם התחיל"
"גרינגו","מקסיקו","דרכי הגעה והתניידות במקסיקו","קיים לשכתוב","","טרם התחיל"
"גרינגו","מקסיקו","מזג אוויר ועונה מומלצת במקסיקו","קיים לשכתוב","","טרם התחיל"
"גרינגו","מקסיקו","מסלול ירח דבש 3 שבועות","קיים לשכתוב","","טרם התחיל"
"גרינגו","מקסיקו","בתי חב""ד במקסיקו","קיים לשכתוב","","טרם התחיל"
"גרינגו","מקסיקו","סכנות וכללי בטיחות במקסיקו","קיים לשכתוב","","טרם התחיל"
"גרינגו","מקסיקו","מסלול שבועיים בצד הקאריבי","קיים לשכתוב","","טרם התחיל"
"גרינגו","פנמה","המדריך המלא לפנמה","קיים לשכתוב","Similarweb - אושר בבדיקה שיטתית: 110 קליקים ב-3 חודשים (+150%), 120 קליקים ב-6 חודשים (מגמה חדשה) - מדינה רביעית שמאושרת כטרנד אמיתי (לצד גואטמלה/בליז/קוסטה ריקה). עדיפות גבוהה. || נכתב ופורסם ב-VAMOS 27.07.2026: articles/panama-guide.html","פורסם"
"גרינגו","פנמה","מלונות מומלצים בפנמה","קיים לשכתוב","","טרם התחיל"
"גרינגו","פנמה","הוסטלים מומלצים בפנמה","קיים לשכתוב","","טרם התחיל"
"גרינגו","פנמה","עונה מומלצת ומזג האוויר בפנמה","קיים לשכתוב","","טרם התחיל"
"גרינגו","פנמה","מעברי הגבול של פנמה","קיים לשכתוב","","טרם התחיל"
"גרינגו","פנמה","מסלולי טיול מומלצים בפנמה","קיים לשכתוב","","טרם התחיל"
"גרינגו","פנמה","המדריך לאיי סן בלאס","קיים לשכתוב","","טרם התחיל"
"גרינגו","פנמה","הכל על פלאיה ונאו","קיים לשכתוב","","טרם התחיל"
"גרינגו","פנמה","הכל על פנמה סיטי","קיים לשכתוב","","טרם התחיל"
"גרינגו","פנמה","סכנות וכללי בטיחות בפנמה","קיים לשכתוב","","טרם התחיל"
"גרינגו","גואטמלה","המדריך המלא לגואטמלה","קיים לשכתוב","Similarweb: 'גואטמלה' מהמילים המובילות בשני האתרים, ואושר גם בבדיקת טווחי-זמן מרובים (3 חודשים: 370 קליקים; 6 חודשים: 400 קליקים, מגמה יציבה וחיובית בשני הטווחים) - עדיפות עליונה מאושרת, לא חד-פעמית. || נכתב ופורסם ב-VAMOS 27.07.2026: articles/guatemala-guide.html","פורסם"
"גרינגו","גואטמלה","מלונות מומלצים בגואטמלה","קיים לשכתוב","","טרם התחיל"
"גרינגו","גואטמלה","הוסטלים מומלצים בגואטמלה","קיים לשכתוב","","טרם התחיל"
"גרינגו","גואטמלה","מסלולי טיול מומלצים בגואטמלה","קיים לשכתוב","","טרם התחיל"
"גרינגו","גואטמלה","התניידות ודרכי הגעה בגואטמלה","קיים לשכתוב","","טרם התחיל"
"גרינגו","גואטמלה","מעברי הגבול של גואטמלה","קיים לשכתוב","","טרם התחיל"
"גרינגו","גואטמלה","עונה מומלצת ומזג האוויר בגואטמלה","קיים לשכתוב","","טרם התחיל"
"גרינגו","גואטמלה","הכל על טיקאל","קיים לשכתוב","","טרם התחיל"
"גרינגו","גואטמלה","הכל על סן פדרו","קיים לשכתוב","","טרם התחיל"
"גרינגו","גואטמלה","סכנות וכללי בטיחות בגואטמלה","קיים לשכתוב","","טרם התחיל"
"גרינגו","קוסטה ריקה","המדריך המלא לקוסטה ריקה","קיים לשכתוב","Similarweb (גרינגו): 'קוסטה ריקה' 290 קליקים - אושר עקבי בטווח 3 חודשים (290, מגמה חדשה) ו-6 חודשים (290, מגמה חדשה) - ביקוש יציב וממשי, לא רעש של טווח בודד. || נכתב ופורסם ב-VAMOS 27.07.2026: articles/costa-rica-guide.html","פורסם"
"גרינגו","קוסטה ריקה","מלונות מומלצים בקוסטה ריקה","קיים לשכתוב","","טרם התחיל"
"גרינגו","קוסטה ריקה","הוסטלים מומלצים בקוסטה ריקה","קיים לשכתוב","","טרם התחיל"
"גרינגו","קוסטה ריקה","מסלול טיול 10 ימים","קיים לשכתוב","","טרם התחיל"
"גרינגו","קוסטה ריקה","מסלול טיול שבועיים ירח דבש","קיים לשכתוב","","טרם התחיל"
"גרינגו","קוסטה ריקה","מסלול טיול 3 שבועות","קיים לשכתוב","","טרם התחיל"
"גרינגו","קוסטה ריקה","דרכי הגעה והתניידות בקוסטה ריקה","קיים לשכתוב","","טרם התחיל"
"גרינגו","קוסטה ריקה","מסלול טיול מוצ'ילרי מפנמה","קיים לשכתוב","","טרם התחיל"
"גרינגו","קוסטה ריקה","מסלול טיול מוצ'ילרי מניקרגואה","קיים לשכתוב","","טרם התחיל"
"גרינגו","קוסטה ריקה","המדריך המלא על מנואל אנטוניו","קיים לשכתוב","","טרם התחיל"
"גרינגו","ניקרגואה","המדריך המלא לניקרגואה","קיים לשכתוב","Similarweb - עודכן אחרי בדיקה שיטתית: 150 קליקים ב-6 חודשים (-75%) - בניגוד לשכנות (גואטמלה/קוסטה ריקה/פנמה) שכן צומחות, ניקרגואה עצמה לא במגמת עלייה כרגע. לא עדיפות דחופה על בסיס טרנד, אף שהמדינה כבר נוספה ל-VAMOS. עדכון: לפי ההסבר של המשתמש, זו כנראה תנודה עונתית (""הגל העולה"") ולא סימן לחשיבות נמוכה יותר - כל היעדים קריטיים באותה מידה, זו שאלה של תזמון פרסום, לא עדיפות. || נכתב ופורסם ב-VAMOS 27.07.2026: articles/nicaragua-guide.html","פורסם"
"גרינגו","ניקרגואה","מלונות מומלצים בניקרגואה","קיים לשכתוב","","טרם התחיל"
"גרינגו","ניקרגואה","הוסטלים מומלצים בניקרגואה","קיים לשכתוב","","טרם התחיל"
"גרינגו","ניקרגואה","מזג אוויר ועונה מומלצת לניקרגואה","קיים לשכתוב","","טרם התחיל"
"גרינגו","ניקרגואה","מסלול טיול כניסה מקוסטה ריקה","קיים לשכתוב","","טרם התחיל"
"גרינגו","ניקרגואה","מסלול טיול כניסה מהונדורס","קיים לשכתוב","","טרם התחיל"
"גרינגו","ניקרגואה","מסלול טיול - נחיתה במנגואה","קיים לשכתוב","","טרם התחיל"
"גרינגו","ניקרגואה","המדריך המלא לאיי קורן","קיים לשכתוב","","טרם התחיל"
"גרינגו","ניקרגואה","המדריך המלא לאומטפה","קיים לשכתוב","","טרם התחיל"
"גרינגו","ניקרגואה","המדריך המלא ללגונה דה אפויו","קיים לשכתוב","","טרם התחיל"
"גרינגו","אל סלבדור (לא ב-VAMOS)","המדריך המלא לאל סלבדור","קיים לשכתוב","מדינה חסרה באתר שלך","טרם התחיל"
"גרינגו","ג'מייקה (לא ב-VAMOS)","המדריך המלא לג'מייקה","קיים לשכתוב","מדינה חסרה באתר שלך | Similarweb (מוצילר): 'גמייקה' 380 קליקים, +1800% YoY (!) - קפיצה ענקית בביקוש, שווה לשקול כמדינה עתידית.","טרם התחיל"
"גרינגו","בליז (לא ב-VAMOS)","המדריך המלא לבליז","קיים לשכתוב","מדינה חסרה באתר שלך | Similarweb (גרינגו) - עודכן אחרי בדיקת טווחי-זמן: 'בליז' בעצם חזקה משחשבנו - 330 קליקים בטווח 3 חודשים (+800%), ו-350 קליקים בטווח 6 חודשים (+1,700%!) - מגמה עולה שמתחזקת ככל שמסתכלים רחוק יותר, לא רק חודש בודד. שווה שקילה גם בלי VAMOS לכסות עדיין את המדינה.","טרם התחיל"
"גרינגו","אורוגוואי","המדריך המלא לאורוגוואי","קיים לשכתוב","Similarweb: 80 קליקים ב-3 חודשים (-75%), 140 קליקים ב-6 חודשים (יציב, 0%) - לא במגמת צמיחה, לא עדיפות דחופה כרגע. עדכון: לפי ההסבר של המשתמש, זו כנראה תנודה עונתית (""הגל העולה"") ולא סימן לחשיבות נמוכה יותר - כל היעדים קריטיים באותה מידה, זו שאלה של תזמון פרסום, לא עדיפות. || נכתב ופורסם ב-VAMOS 27.07.2026: articles/uruguay-guide.html","פורסם"
"גרינגו","הונדורס (לא ב-VAMOS)","המדריך המלא להונדורס","קיים לשכתוב","מדינה חסרה באתר שלך","טרם התחיל"
"מוצילר","כללי - יבשת","ויזה לארה""ב - מדריך הוצאת ויזה","קיים לשכתוב","","טרם התחיל"
"מוצילר","כללי - יבשת","ווסטרן יוניון | מאני גראם - העברת כספים בינ""ל","קיים לשכתוב","","טרם התחיל"
"מוצילר","כללי - יבשת","ספרדית - לימוד השפה וקורסים בחינם","קיים לשכתוב","","טרם התחיל"
"מוצילר","כללי - יבשת","דרום אמריקה לבני 50 פלוס (אהוד פורמן)","קיים לשכתוב","","טרם התחיל"
"מוצילר","כללי - יבשת","דרום אמריקה לבני 60+ (לאה שוויד)","קיים לשכתוב","","טרם התחיל"
"מוצילר","כללי - יבשת","המטייל הישראלי בדרום אמריקה - מחקר משעשע (גיא הוכמן)","קיים לשכתוב","","טרם התחיל"
"מוצילר","כללי - יבשת","המדריך לפוקר טקסס הולד'ם","קיים לשכתוב","","טרם התחיל"
"מוצילר","כללי - יבשת","קאוץ' סרפינג / גלישת ספה","קיים לשכתוב","","טרם התחיל"
"מוצילר","כללי - יבשת","מבצע קוסקו - מסע משעשע (גיא הוכמן)","קיים לשכתוב","","טרם התחיל"
"מוצילר","כללי - יבשת","מדריך משפטי - מסתבכים בחו""ל","קיים לשכתוב","","טרם התחיל"
"מוצילר","טרום טיול","תכנון מסלול ומזג האוויר","קיים לשכתוב","","טרם התחיל"
"מוצילר","טרום טיול","קהילות מוצילר - כל הרשתות","קיים לשכתוב","","טרם התחיל"
"מוצילר","טרום טיול","כרטיס טיסה פיקטיבי חינם","קיים לשכתוב","","טרם התחיל"
"מוצילר","טרום טיול","השוואת ביטוח נסיעות חו""ל","קיים לשכתוב","","טרם התחיל"
"מוצילר","טרום טיול","כסף מזומן וכרטיסי אשראי - עמלות ומשיכות","קיים לשכתוב","","טרם התחיל"
"מוצילר","טרום טיול","חיסונים לדרום ומרכז אמריקה","קיים לשכתוב","","טרם התחיל"
"מוצילר","טרום טיול","תכנון תקציב וטיפים לחיסכון","קיים לשכתוב","","טרם התחיל"
"מוצילר","טרום טיול","רישיון נהיגה בינלאומי","קיים לשכתוב","","טרם התחיל"
"מוצילר","טרום טיול","רשימת א-ב לטיול הגדול","קיים לשכתוב","","טרם התחיל"
"מוצילר","טרום טיול","תקשורת סים / eSim בינלאומי או מקומי","קיים לשכתוב","","טרם התחיל"
"מוצילר","טרום טיול","מדריך כשרות ודתיים","קיים לשכתוב","","טרם התחיל"
"מוצילר","טרום טיול","מלריה - איזורים נגועים וכדורים","קיים לשכתוב","","טרם התחיל"
"מוצילר","טרום טיול","שאלות חשובות - מוצ'ילה/מזוודה/חיסונים/כביסה","קיים לשכתוב","","טרם התחיל"
"מוצילר","טרום טיול","כרטיס סטודנט בינלאומי וכרטיס צעיר","קיים לשכתוב","","טרם התחיל"
"מוצילר","טרום טיול","סכנות ואזהרות - מחלת גבהים","קיים לשכתוב","","טרם התחיל"
"מוצילר","טרום טיול","המדריך השלם לכרטיסי טיסה","קיים לשכתוב","","טרם התחיל"
"מוצילר","טרום טיול","כללי בטיחות | מונית בטוחה","קיים לשכתוב","","טרם התחיל"
"מוצילר","טרום טיול","וירוס הזיקה","קיים לשכתוב","","טרם התחיל"
"מוצילר","טרום טיול","הסדרת תשלום ביטוח לאומי לפני טיסה","קיים לשכתוב","","טרם התחיל"
"מוצילר","טרום טיול","סוכן אישי מול הזמנה עצמאית","קיים לשכתוב","","טרם התחיל"
"מוצילר","טרום טיול","מדריך שגרירות ישראל ביבשת","קיים לשכתוב","","טרם התחיל"
"מוצילר","טרום טיול","מדריך לצמחונים וטבעונים","קיים לשכתוב","","טרם התחיל"
"מוצילר","טרום טיול","מדריך צליאק - ללא גלוטן","קיים לשכתוב","","טרם התחיל"
"מוצילר","טרום טיול","פליי מאני - מט""ח אונליין","קיים לשכתוב","","טרם התחיל"
"מוצילר","סטלן ובליין","סמים - כל מה שרצית לדעת","קיים לשכתוב","","טרם התחיל"
"מוצילר","סטלן ובליין","קזינו - רולטה, בלאק ג'ק, פוקר קריבי","קיים לשכתוב","","טרם התחיל"
"מוצילר","סטלן ובליין","תכנון זמן ומסלול לסטלנים ובליינים","קיים לשכתוב","","טרם התחיל"
"מוצילר","סטלן ובליין","המדריך לפוקר טקסס הולד'ם - כללים","קיים לשכתוב","","טרם התחיל"
"מוצילר","סטלן ובליין","תקציב הטיול לסטלן ובליין","קיים לשכתוב","","טרם התחיל"
"מוצילר","סטלן ובליין","חופים ואתרי גלישה","קיים לשכתוב","","טרם התחיל"
"מוצילר","סטלן ובליין","הכנות לטיול ורשימת ציוד אולטימטיבית","קיים לשכתוב","","טרם התחיל"
"מוצילר","סטלן ובליין","אטרקציות, בילויים ונופש","קיים לשכתוב","","טרם התחיל"
"מוצילר","סטלן ובליין","מהות החופש ושהייה ממושכת","קיים לשכתוב","","טרם התחיל"
"מוצילר","אטרקציות וטיולים","האמזונס - השוואת אמזונסים","קיים לשכתוב","","טרם התחיל"
"מוצילר","אטרקציות וטיולים","עשרת האטרקציות המומלצות","קיים לשכתוב","","טרם התחיל"
"מוצילר","אטרקציות וטיולים","צניחה חופשית","קיים לשכתוב","","טרם התחיל"
"מוצילר","אטרקציות וטיולים","המדריך להכרת דרום אמריקה","קיים לשכתוב","","טרם התחיל"
"מוצילר","אטרקציות וטיולים","צפייה בלווייתנים, כלבי ים ופינגווינים","קיים לשכתוב","","טרם התחיל"
"מוצילר","אטרקציות וטיולים","ראפטינג","קיים לשכתוב","","טרם התחיל"
"מוצילר","אטרקציות וטיולים","טרקים להרי געש","קיים לשכתוב","","טרם התחיל"
"מוצילר","אטרקציות וטיולים","הקרנבלים של דרום אמריקה (בוץ / אורורו / גואלגואיצ'ו)","קיים לשכתוב","","טרם התחיל"
"מוצילר","אטרקציות וטיולים","סיפור דרך - אורוגוואי (שרון ועידן)","קיים לשכתוב","","טרם התחיל"
"מוצילר","אפליקציות/צילום/חשמל","מדריך 50 אפליקציות שימושיות","קיים לשכתוב","","טרם התחיל"
"מוצילר","אפליקציות/צילום/חשמל","חשמל, מתאמים ושקעים","קיים לשכתוב","","טרם התחיל"
"מוצילר","אפליקציות/צילום/חשמל","פתרונות לגיבוי תמונות וסרטונים","קיים לשכתוב","","טרם התחיל"
"מוצילר","אפליקציות/צילום/חשמל","צילום סלולרי","קיים לשכתוב","","טרם התחיל"
"מוצילר","אפליקציות/צילום/חשמל","צילום דרך חלון המטוס","קיים לשכתוב","","טרם התחיל"
"מוצילר","רשימות ציוד","רשימת ציוד שלמה לטיול","קיים לשכתוב","","טרם התחיל"
"מוצילר","רשימות ציוד","מדריך לבחירת נעלי טרקים","קיים לשכתוב","","טרם התחיל"
"מוצילר","רשימות ציוד","ביגוד והנעלה למטייל","קיים לשכתוב","","טרם התחיל"
"מוצילר","רשימות ציוד","ציוד מומלץ, מסמכים ותרופות","קיים לשכתוב","","טרם התחיל"
"מוצילר","רשימות ציוד","רשימת ציוד למין הנשי","קיים לשכתוב","","טרם התחיל"
"מוצילר","רשימות ציוד","בנזינייה, גזיה או כהלייה","קיים לשכתוב","","טרם התחיל"
"מוצילר","רשימות ציוד","מדריך קטן לקניית ציוד","קיים לשכתוב","","טרם התחיל"
"מוצילר","רשימות ציוד","מדריך שק שינה","קיים לשכתוב","","טרם התחיל"
"מוצילר","רשימות ציוד","מדריך השכרת ציוד לטרקים","קיים לשכתוב","","טרם התחיל"
"מוצילר","רשימות ציוד","מדריך ציוד לטרקים (אוהל/שק""ש)","קיים לשכתוב","","טרם התחיל"
"מוצילר","רשימות ציוד","מדריך לבחירת אוהל","קיים לשכתוב","","טרם התחיל"
"מוצילר","קרנבל (ברזיל)","המדריך לקרנבל 2027","קיים לשכתוב","","טרם התחיל"
"מוצילר","קרנבל (ברזיל)","תאריכי הקרנבל 2027","קיים לשכתוב","","טרם התחיל"
"מוצילר","קרנבל (ברזיל)","קרנבל בריו","קיים לשכתוב","","טרם התחיל"
"מוצילר","קרנבל (ברזיל)","לינה בקרנבל בריו","קיים לשכתוב","","טרם התחיל"
"מוצילר","קרנבל (ברזיל)","קרנבל בסלבדור","קיים לשכתוב","","טרם התחיל"
"מוצילר","קרנבל (ברזיל)","לינה בקרנבל בסלבדור","קיים לשכתוב","","טרם התחיל"
"מוצילר","קרנבל (ברזיל)","קרנבל בפלורה","קיים לשכתוב","","טרם התחיל"
"מוצילר","קרנבל (ברזיל)","לינה בקרנבל בפלורה","קיים לשכתוב","","טרם התחיל"
"מוצילר","קרנבל (ברזיל)","קרנבל רסיפה ואולינדה","קיים לשכתוב","","טרם התחיל"
"מוצילר","קרנבל (ברזיל)","קרנבל בשאר ברזיל","קיים לשכתוב","","טרם התחיל"
"מוצילר","קהילה ושירותים","קבוצות פייסבוק / וואטסאפ","קיים לשכתוב","","טרם התחיל"
"מוצילר","קהילה ושירותים","ביטוח נסיעות מוזל","קיים לשכתוב","","טרם התחיל"
"מוצילר","קהילה ושירותים","כרטיסים פיקטיביים חינם","קיים לשכתוב","","טרם התחיל"
"מוצילר","קהילה ושירותים","שגרירויות ביבשת","קיים לשכתוב","","טרם התחיל"
"מוצילר","קהילה ושירותים","בתי חב""ד וכשרות","קיים לשכתוב","","טרם התחיל"
"מוצילר","קהילה ושירותים","התנדבות בטיול","קיים לשכתוב","","טרם התחיל"
"מוצילר","קהילה ושירותים","שליחת דואר ביבשת","קיים לשכתוב","","טרם התחיל"
"מוצילר","פרו","עמוד מדינה מלא - פרו","קיים לשכתוב","תתי-נושאים: מזג אוויר, מטבע ובנקים, אשרות, קהילות וואטסאפ, לינה, אפליקציות מוניות ואוכל, סלולר, חב""ד, דואר, בטיחות, רופא, אוטובוסים ומעברי גבול, מפה ומסלולים, ערים לפי אזור","טרם התחיל"
"מוצילר","בוליביה","עמוד מדינה מלא - בוליביה","קיים לשכתוב","תתי-נושאים: מזג אוויר, מטבע ובנקים, אשרות, קהילות וואטסאפ, לינה, אפליקציות מוניות ואוכל, סלולר, חב""ד, דואר, בטיחות, רופא, אוטובוסים ומעברי גבול, מפה ומסלולים, ערים לפי אזור","טרם התחיל"
"מוצילר","קולומביה","עמוד מדינה מלא - קולומביה","קיים לשכתוב","תתי-נושאים: מזג אוויר, מטבע ובנקים, אשרות, קהילות וואטסאפ, לינה, אפליקציות מוניות ואוכל, סלולר, חב""ד, דואר, בטיחות, רופא, אוטובוסים ומעברי גבול, מפה ומסלולים, ערים לפי אזור","טרם התחיל"
"מוצילר","אקוודור","עמוד מדינה מלא - אקוודור","קיים לשכתוב","תתי-נושאים: מזג אוויר, מטבע ובנקים, אשרות, קהילות וואטסאפ, לינה, אפליקציות מוניות ואוכל, סלולר, חב""ד, דואר, בטיחות, רופא, אוטובוסים ומעברי גבול, מפה ומסלולים, ערים לפי אזור","טרם התחיל"
"מוצילר","ברזיל","עמוד מדינה מלא - ברזיל","קיים לשכתוב","תתי-נושאים: מזג אוויר, מטבע ובנקים, אשרות, קהילות וואטסאפ, לינה, אפליקציות מוניות ואוכל, סלולר, חב""ד, דואר, בטיחות, רופא, אוטובוסים ומעברי גבול, מפה ומסלולים, ערים לפי אזור","טרם התחיל"
"מוצילר","אורוגוואי","עמוד מדינה מלא - אורוגוואי","קיים לשכתוב","תתי-נושאים: מזג אוויר, מטבע ובנקים, אשרות, קהילות וואטסאפ, לינה, אפליקציות מוניות ואוכל, סלולר, חב""ד, דואר, בטיחות, רופא, אוטובוסים ומעברי גבול, מפה ומסלולים, ערים לפי אזור","טרם התחיל"
"מוצילר","צ'ילה","עמוד מדינה מלא - צ'ילה","קיים לשכתוב","תתי-נושאים: מזג אוויר, מטבע ובנקים, אשרות, קהילות וואטסאפ, לינה, אפליקציות מוניות ואוכל, סלולר, חב""ד, דואר, בטיחות, רופא, אוטובוסים ומעברי גבול, מפה ומסלולים, ערים לפי אזור","טרם התחיל"
"מוצילר","ארגנטינה","עמוד מדינה מלא - ארגנטינה","קיים לשכתוב","תתי-נושאים: מזג אוויר, מטבע ובנקים, אשרות, קהילות וואטסאפ, לינה, אפליקציות מוניות ואוכל, סלולר, חב""ד, דואר, בטיחות, רופא, אוטובוסים ומעברי גבול, מפה ומסלולים, ערים לפי אזור","טרם התחיל"
"מוצילר","מקסיקו","עמוד מדינה מלא - מקסיקו","קיים לשכתוב","תתי-נושאים: מזג אוויר, מטבע ובנקים, אשרות, קהילות וואטסאפ, לינה, אפליקציות מוניות ואוכל, סלולר, חב""ד, דואר, בטיחות, רופא, אוטובוסים ומעברי גבול, מפה ומסלולים, ערים לפי אזור","טרם התחיל"
"מוצילר","גואטמלה","עמוד מדינה מלא - גואטמלה","קיים לשכתוב","תתי-נושאים: מזג אוויר, מטבע ובנקים, אשרות, קהילות וואטסאפ, לינה, אפליקציות מוניות ואוכל, סלולר, חב""ד, דואר, בטיחות, רופא, אוטובוסים ומעברי גבול, מפה ומסלולים, ערים לפי אזור","טרם התחיל"
"מוצילר","ניקרגואה","עמוד מדינה מלא - ניקרגואה","קיים לשכתוב","תתי-נושאים: מזג אוויר, מטבע ובנקים, אשרות, קהילות וואטסאפ, לינה, אפליקציות מוניות ואוכל, סלולר, חב""ד, דואר, בטיחות, רופא, אוטובוסים ומעברי גבול, מפה ומסלולים, ערים לפי אזור","טרם התחיל"
"מוצילר","קוסטה ריקה","עמוד מדינה מלא - קוסטה ריקה","קיים לשכתוב","תתי-נושאים: מזג אוויר, מטבע ובנקים, אשרות, קהילות וואטסאפ, לינה, אפליקציות מוניות ואוכל, סלולר, חב""ד, דואר, בטיחות, רופא, אוטובוסים ומעברי גבול, מפה ומסלולים, ערים לפי אזור","טרם התחיל"
"מוצילר","פנמה","עמוד מדינה מלא - פנמה","קיים לשכתוב","תתי-נושאים: מזג אוויר, מטבע ובנקים, אשרות, קהילות וואטסאפ, לינה, אפליקציות מוניות ואוכל, סלולר, חב""ד, דואר, בטיחות, רופא, אוטובוסים ומעברי גבול, מפה ומסלולים, ערים לפי אזור","טרם התחיל"
"מוצילר","ארגנטינה","עמוד המלצות לינה נפרד - ארגנטינה","קיים לשכתוב","","טרם התחיל"
"מוצילר","צ'ילה","עמוד המלצות לינה נפרד - צ'ילה","קיים לשכתוב","","טרם התחיל"
"מוצילר","ברזיל","עמוד המלצות לינה נפרד - ברזיל","קיים לשכתוב","","טרם התחיל"
"מוצילר","בוליביה","עמוד המלצות לינה נפרד - בוליביה","קיים לשכתוב","","טרם התחיל"
"מוצילר","פרו","עמוד המלצות לינה נפרד - פרו","קיים לשכתוב","","טרם התחיל"
"מוצילר","אקוודור","עמוד המלצות לינה נפרד - אקוודור","קיים לשכתוב","","טרם התחיל"
"מוצילר","קולומביה","עמוד המלצות לינה נפרד - קולומביה","קיים לשכתוב","","טרם התחיל"
"מוצילר","פנמה","עמוד המלצות לינה נפרד - פנמה","קיים לשכתוב","","טרם התחיל"
"מוצילר","קוסטה ריקה","עמוד המלצות לינה נפרד - קוסטה ריקה","קיים לשכתוב","","טרם התחיל"
"מוצילר","גואטמלה","עמוד המלצות לינה נפרד - גואטמלה","קיים לשכתוב","","טרם התחיל"
"מוצילר","מקסיקו","עמוד המלצות לינה נפרד - מקסיקו","קיים לשכתוב","","טרם התחיל"
"רעיון חדש","יומן הוצאות אמיתי","כמה באמת עולה טיול לדרום אמריקה - יומן הוצאות אמיתי משלושה מטיילים","רעיון חדש","מספרים אמיתיים משלושה מטיילים (חסכני/בינוני/מפנק) לעומת הערכות גנריות אצל שני המתחרים","טרם התחיל"
"רעיון חדש","מסלולים מוכנים להורדה","המסלול המוכן ל-3, 6 ו-12 חודשים - הורידו והתחילו לתכנן","רעיון חדש","תבניות מסלול קונקרטיות להורדה, לא רק טיפים כלליים לתכנון","טרם התחיל"
"רעיון חדש","מטיילות לבד","מטיילות לבד בדרום אמריקה - בטיחות, עצמאות וקהילה","רעיון חדש","תוכן ממוקד-מגדר עם עדויות אישיות - לא קיים אצל אף מתחרה","טרם התחיל"
"רעיון חדש","מדריך אוכל","מדריך האוכל של דרום אמריקה - המנות שחייבים לנסות ב-17 מדינות","רעיון חדש","תוכן קולינרי שכמעט לא קיים אצל שני האתרים הלוגיסטיים","טרם התחיל"
"רעיון חדש","אחרי הטיול","אחרי הטיול - איך חוזרים לישראל בלי לאבד את עצמכם","רעיון חדש","תרבות הלם הפוך וחזרה הביתה - נושא רגשי שאף מתחרה לא נוגע בו","טרם התחיל"
"רעיון חדש","קוויז לבד/בקבוצה","לבד או בקבוצה? מבחן קצר שיגיד לכם איזה טיול מתאים לכם","רעיון חדש","פורמט אינטראקטיבי במקום עוד מאמר טקסט","טרם התחיל"
"רעיון חדש","השוואת טרקים","5 טרקים שכדאי להכיר מעבר להוואי-וואש - טבלת השוואה","רעיון חדש","טבלת קושי/ימים/עלות/עונה - פורמט שלא קיים בשני המתחרים","טרם התחיל"
"רעיון חדש","ביקורות ציוד","מדריך הציוד שבאמת נבדק - מה להביא ומה חבל שהבאתי","רעיון חדש","ביקורות מותגים אמיתיות, לא עוד רשימת צ'קליסט","טרם התחיל"
"רעיון חדש","דיגיטל נומד","דיגיטל נומד בדרום אמריקה - אינטרנט, קואורקינג ועלויות מגורים לטווח ארוך","רעיון חדש","קהל ניש שנרמז אצל מוצילר (""שהייה ממושכת"") אך לא פותח לכתבה מלאה","טרם התחיל"
"רעיון חדש","התנדבות אתית","התנדבות אמיתית מול וולנטוריזם - המדריך האתי לפרויקטים בדרום אמריקה","רעיון חדש","זווית ביקורתית וסינון ארגונים - לא קיים כלל אצל שני המתחרים","טרם התחיל"
"רעיון חדש","סיפורי דרך","יומן טיול: 30 יום בקולומביה - מה עבד, מה לא, ומה הייתי עושה אחרת","רעיון חדש","פורמט קבוע וחוזר, בהשראת כתבת ""סיפור דרך"" הבודדת של מוצילר","טרם התחיל"
"רעיון חדש","פסטיבלים אותנטיים","לוח הפסטיבלים האותנטי - לא רק הופעות בינלאומיות","רעיון חדש","תרבות מקומית לעומק, לא רק הופעות מסחריות","טרם התחיל"
"רעיון חדש","ירח דבש ליבשת שלמה","מסלולי ירח דבש בדרום אמריקה","רעיון חדש","גרינגו מכסה זאת רק במקסיקו/קוסטה ריקה - להרחיב לכל היבשת","טרם התחיל"
"רעיון חדש","מוצ'ילרו חוצה-גבולות","מסלול מוצ'ילרי בין מדינות - החיבורים שאף אחד לא מסביר","רעיון חדש","גרינגו מכסה זאת רק במרכז אמריקה - להרחיב לדרום אמריקה","טרם התחיל"
"רעיון חדש","ניהול כספים לכל מדינה","התנהלות כספית חכמה - מדריך לכל מדינה ביבשת","רעיון חדש","גרינגו מכסה זאת רק לבוליביה - להרחיב לכולן","טרם התחיל"
"רעיון חדש","חב""ד לכל מדינה","בתי חב""ד ומסורת יהודית ביבשת - מדריך לכל מדינה","רעיון חדש","גרינגו מכסה רק מקסיקו, מוצילר - כתבה כללית אחת בלבד","טרם התחיל"
"רעיון חדש","טיולים אחרי 50","טיולים אחרי גיל 50 בדרום אמריקה","רעיון חדש","פער אמיתי - אצל מוצילר רק 2 כתבות בודדות של כותבים אורחים","טרם התחיל"
"רעיון חדש","עדכונים חיים","מה קורה עכשיו ביבשת - עמוד עדכונים חי","רעיון חדש","בהשראת סרגל החדשות של מוצילר - תוכן שמתעדכן ומחזיר גולשים","טרם התחיל"
"רעיון חדש","החזר מס 18%","החזר מס 18% על קניות - המדריך שיחסוך לכם מאות שקלים","רעיון חדש","אצל מוצילר זה רק סעיף בתוך עמוד פרו - להפוך לכתבה עצמאית לכל המדינות","טרם התחיל"
"רעיון חדש","רכב ורישיון בינ""ל","רישיון נהיגה בינלאומי והשכרת רכב - המדריך המלא","רעיון חדש","הרחבה של סעיף קצר אצל מוצילר לכתבה מקיפה עם ביטוח ומעברי גבול","טרם התחיל"
"רעיון חדש","האב בריאות","בריאות בדרך - מלריה, זיקה, מחלת גבהים וצליאק/טבעוני במקום אחד","רעיון חדש","איחוד 4-5 כתבות מפוזרות אצל מוצילר להאב אחד מאורגן ואמין","טרם התחיל"
"רעיון חדש","פורטרט המטייל הישראלי","המטייל הישראלי בדרום אמריקה - פורטרט סוציולוגי-הומוריסטי","רעיון חדש","תוכן שיתופי ומבדר בהשראת הכתבה של גיא הוכמן - יוצר זהות מותגית","טרם התחיל"
"רעיון חדש","לילות ביבשת","לילות ביבשת - קזינו, בארים ומסיבות (לא רק לסטלנים)","רעיון חדש","פירוק תוכן חיי הלילה מהפריימינג ה""סטלני"" הבלעדי של מוצילר","טרם התחיל"
"רעיון חדש","השוואת אמזונסים","האמזונס - איפה כדאי לחוות אותו - מדריך השוואה מלא","רעיון חדש","העמקה עם מפה והשוואת תקציב/נגישות בין פרו/ברזיל/אקוודור/בוליביה","טרם התחיל"
"רעיון חדש","כלי החלטת תחבורה","התניידות חכמה - מתי טסים, מתי אוטובוס לילה","רעיון חדש","כלי/טבלת השוואה מרכזי, במקום סעיף מפוזר בכל עמוד מדינה","טרם התחיל"
"רעיון חדש","מדריך שפה","מדריך שפה - המילים והביטויים שיצילו אתכם בספרדית ופורטוגזית","רעיון חדש","פרזה-בוק הישרדותי לפי מדינה כולל סלנג מקומי, במקום ההפניה הגנרית ""ללמוד ספרדית""","טרם התחיל"
"רעיון חדש","ביטוח - סיפורי תביעה","ביטוח בריאות מול המציאות - מה קורה כשבאמת קורה משהו","רעיון חדש","סיפורי תביעה אמיתיים במקום עוד טבלת השוואת פוליסות","טרם התחיל"
"רעיון חדש","רחפנים","צילום רחפנים בדרום אמריקה - איפה מותר, איפה אסור ואיך מוציאים רישיון","רעיון חדש","נישה שלא מכוסה בכלל אצל שני המתחרים","טרם התחיל"
"רעיון חדש","השוואת פלטפורמות הזמנה","הוסטלוורלד מול בוקינג מול קבוצות פייסבוק - איפה באמת כדאי להזמין","רעיון חדש","השוואה מעשית של ערוצי הזמנה ומחירים שלא קיימת בשני האתרים","טרם התחיל"
"רעיון חדש","נגישות","טיול בדרום אמריקה עם מוגבלות - מדריך נגישות","רעיון חדש","קהל שלם שאף אחד מהמתחרים לא פונה אליו","טרם התחיל"
"רעיון חדש","פרוטוקול SOS","נגנב לי הדרכון/הכרטיס/הכסף - מה עושים באמת","רעיון חדש","פלייבוק פעולה שלב-אחר-שלב, לעומת מאמרי ""כללי בטיחות"" כלליים","טרם התחיל"
"רעיון חדש","תקשורת עם ההורים","איך לשמור על קשר עם ההורים בלי לדאוג אותם","רעיון חדש","זווית אנושית ורלוונטית שאף מתחרה לא מטפל בה","טרם התחיל"
"רעיון חדש","בחירת שותף לטיול","איך למצוא שותף לטיול שבאמת מתאים לכם","רעיון חדש","מסגרת התאמת אישיות, מעבר ל""קבוצת פייסבוק לחיפוש שותפים""","טרם התחיל"
"רעיון חדש","תזונה בדרך","לאכול בריא, זול ובטוח בלי לחלות - מדריך תזונה לטיול","רעיון חדש","זווית תזונתית-תקציבית, שונה ממדריך האוכל הקולינרי","טרם התחיל"
"רעיון חדש","המשך אחרי דרום אמריקה","אחרי דרום אמריקה - לאן ממשיכים? חיבורים ליעדים נוספים","רעיון חדש","שני המתחרים ממוקדים רק ביבשת - VAMOS יכול לשרת גם מטיילי RTW רב-יבשתיים","טרם התחיל"
"סול לטינו","מאמרים","עונת הקרנבל באמריקה הלטינית - צבעים, מוזיקה ומסורת","קיים לשכתוב","","טרם התחיל"
"סול לטינו","מאמרים","חופי פנמה המרהיבים","קיים לשכתוב","","טרם התחיל"
"סול לטינו","מאמרים","ברילוצ׳ה: נקודת עצירה מתוקה בבירת השוקולד של דרום אמריקה","קיים לשכתוב","","טרם התחיל"
"סול לטינו","מאמרים","האיים הקריביים – לא רק בטן גב","קיים לשכתוב","","טרם התחיל"
"סול לטינו","מאמרים","המדינה הכי יפה ושמחה בדרום אמריקה (ארגנטינה)","קיים לשכתוב","","טרם התחיל"
"סול לטינו","מאמרים","לטייל בדרום אמריקה עם הילדים (נקודת מבט של ההורים שנשארים בבית)","קיים לשכתוב","","טרם התחיל"
"סול לטינו","מאמרים","דרום אמריקה: מאורגן או עצמאי","קיים לשכתוב","","טרם התחיל"
"סול לטינו","מאמרים","דרום אמריקה לכל כיס","קיים לשכתוב","","טרם התחיל"
"סול לטינו","מאמרים","לבחור נכון יעד בדרום אמריקה","קיים לשכתוב","","טרם התחיל"
"סול לטינו","מאמרים","תעלומת העיר האבודה מאצ׳ו פיצ׳ו","קיים לשכתוב","","טרם התחיל"
"סול לטינו","טיפים","אנטארקטיקה ""לעניים"" - שייט אושוואיה-פונטה ארנס","קיים לשכתוב","שייט תקציבי ~2000$, זווית שלא קיימת בגרינגו/מוצילר","טרם התחיל"
"סול לטינו","טיפים","לטייל ולהתפנק בצ׳ילה - פוקון","קיים לשכתוב","","טרם התחיל"
"סול לטינו","טיפים","למטיילים בארגנטינה - צפון ארגנטינה וסלטה","קיים לשכתוב","","טרם התחיל"
"סול לטינו","טיפים","איזה רצועת חוף לבחור בברזיל (פורטלזה-רסיפה, פיפה)","קיים לשכתוב","","טרם התחיל"
"סול לטינו","טיפים","האי הכי יפה בדרום אמריקה (פרננדו דה נורוניה)","קיים לשכתוב","","טרם התחיל"
"סול לטינו","ארגנטינה","מודיעין יעדים - ארגנטינה (דף מידע מהיר)","קיים לשכתוב","פורמט טבלת עובדות: אוכלוסייה/בירה/מטבע/גבולות/שגרירות/ימי מינימום - לא נרטיבי","טרם התחיל"
"סול לטינו","צ'ילה","מודיעין יעדים - צ'ילה (דף מידע מהיר)","קיים לשכתוב","פורמט טבלת עובדות: אוכלוסייה/בירה/מטבע/גבולות/שגרירות/ימי מינימום - לא נרטיבי","טרם התחיל"
"סול לטינו","ברזיל","מודיעין יעדים - ברזיל (דף מידע מהיר)","קיים לשכתוב","פורמט טבלת עובדות: אוכלוסייה/בירה/מטבע/גבולות/שגרירות/ימי מינימום - לא נרטיבי","טרם התחיל"
"סול לטינו","פרו","מודיעין יעדים - פרו (דף מידע מהיר)","קיים לשכתוב","פורמט טבלת עובדות: אוכלוסייה/בירה/מטבע/גבולות/שגרירות/ימי מינימום - לא נרטיבי","טרם התחיל"
"סול לטינו","בוליביה","מודיעין יעדים - בוליביה (דף מידע מהיר)","קיים לשכתוב","פורמט טבלת עובדות: אוכלוסייה/בירה/מטבע/גבולות/שגרירות/ימי מינימום - לא נרטיבי","טרם התחיל"
"סול לטינו","פנמה","מודיעין יעדים - פנמה (דף מידע מהיר)","קיים לשכתוב","פורמט טבלת עובדות: אוכלוסייה/בירה/מטבע/גבולות/שגרירות/ימי מינימום - לא נרטיבי","טרם התחיל"
"סול לטינו","אקוודור","מודיעין יעדים - אקוודור (דף מידע מהיר)","קיים לשכתוב","פורמט טבלת עובדות: אוכלוסייה/בירה/מטבע/גבולות/שגרירות/ימי מינימום - לא נרטיבי","טרם התחיל"
"סול לטינו","קוסטה ריקה","מודיעין יעדים - קוסטה ריקה (דף מידע מהיר)","קיים לשכתוב","פורמט טבלת עובדות: אוכלוסייה/בירה/מטבע/גבולות/שגרירות/ימי מינימום - לא נרטיבי","טרם התחיל"
"סול לטינו","גואטמלה","מודיעין יעדים - גואטמלה (דף מידע מהיר)","קיים לשכתוב","פורמט טבלת עובדות: אוכלוסייה/בירה/מטבע/גבולות/שגרירות/ימי מינימום - לא נרטיבי","טרם התחיל"
"סול לטינו","מקסיקו","מודיעין יעדים - מקסיקו (דף מידע מהיר)","קיים לשכתוב","פורמט טבלת עובדות: אוכלוסייה/בירה/מטבע/גבולות/שגרירות/ימי מינימום - לא נרטיבי","טרם התחיל"
"סול לטינו","קובה","מודיעין יעדים - קובה (דף מידע מהיר)","קיים לשכתוב","פורמט טבלת עובדות: אוכלוסייה/בירה/מטבע/גבולות/שגרירות/ימי מינימום - לא נרטיבי","טרם התחיל"
"רעיון חדש","ילדים בטיול הגדול - נקודת מבט ההורים","ילדים בטיול הגדול - מה קורה להורים שנשארים בבית","רעיון חדש","זווית הפוכה שאף מתחרה לא מכסה - חרדה/געגוע/גאווה של ההורים, בהשראת מאמר של סול לטינו","טרם התחיל"
"רעיון חדש","אנטארקטיקה בתקציב","אנטארקטיקה בלי לשבור את הבנק - שייט אושוואיה-פונטה ארנס","רעיון חדש","נקודת כניסה תקציבית (~2000$) לחלום שנשמע בלתי אפשרי - נעדר לגמרי מגרינגו ומוצילר","טרם התחיל"
"לטיני","בוליביה","ויזה לבוליביה - עלות ומסמכים נדרשים","קיים לשכתוב","כתבה קצרה על עלות (כ-100 דולר) והמסמכים הנדרשים","טרם התחיל"
"לטיני","ברזיל","קרנבל 2021 בברזיל","קיים לשכתוב","תוכן מיושן (2021) - איתות שהאתר לא מתעדכן בתדירות גבוהה","טרם התחיל"
"לטיני","כללי - יבשת","השכרת דירות בדרום ומרכז אמריקה (שירות לטיני)","קיים לשכתוב","עמוד שירות/מוצר (לא כתבה) - השכרת דירות בהזמנה, קרוב לרעיון 24 (השוואת פלטפורמות הזמנה)","טרם התחיל"
"לטיני","כללי - יבשת","מפת דרום ומרכז אמריקה אינטראקטיבית","קיים לשכתוב","עמוד בית עם מפה קליקבילית לפי מדינה - אותו קונספט כמו עמוד הבית של VAMOS עצמו","טרם התחיל"
"תובנה אסטרטגית","בריאות SEO","גרינגו לעומת מוצילר - יציבות אורגנית","תובנה","גרינגו: אחוז כוונה אינפורמטיבית קופץ 52.6%-87.3% תלוי בטווח הזמן (לא יציב, איבד 2.2K מילות מפתח לאחרונה, תנועה -74% בחודש). מוצילר: יציב בטווח צר 61-70% בכל 5 הטווחים שנבדקו (28 יום/1/2/3/6 חודשים). מסקנה: לסמוך יותר על מגמות של מוצילר, ולהתייחס לנתוני גרינגו כמטרה נעה.","לידיעה"
"תובנה אסטרטגית","ערוצי תנועה","השוואת ערוצי שיווק - שני האתרים","תובנה","גרינגו: 45.7% ישיר + 47% אורגני (כמעט 93% משילוב תנועה ישירה+אורגנית, כמעט 0% חברתי/דיספליי). מוצילר: 60.7% אורגני, 13.8% ישיר, אבל כן מריץ פרסום חברתי ממומן (7.6%) ודיספליי (1.5%) - מגוון יותר. VAMOS לא צריך להיות תלוי רק בחיפוש אורגני.","לידיעה"
"תובנה אסטרטגית","כוונת חיפוש","אף אחד לא תופס חיפוש טרנזקציוני","תובנה","גרינגו: 93.2%(מאי)/עד 0.6% (6 חודשים) טרנזקציוני - כמעט אפס תמיד. מוצילר: 0.1-2% טרנזקציוני. כל הנישה היא אינפורמטיבית - מאשש שמודל תוכן/מדריכים (לא חנות/הזמנות) הוא הנכון ל-VAMOS.","לידיעה"
"תובנה אסטרטגית","מתודולוגיה","אף פעם לא לסמוך על אחוז YoY בודד","תובנה","טווחי הזמן הזמינים בחבילה: 28 יום, 1/2/3/6 חודשים (12+ חודשים נעול, דורש שדרוג). בוליביה הייתה דוגמה מובהקת: YoY הראה +380% (מטעה, בסיס נמוך) אבל בדיקה ב-3 ו-6 חודשים הראתה ירידה של 50-56%. כלל: לבדוק לפחות 2 טווחים לפני שקובעים מגמה.","לידיעה"
"תובנה אסטרטגית","מתחרים חדשים","sollatino.co.il - סוכנות נסיעות עם תוכן","פרופיל מתחרה","חפיפת מילים: 73.68% עם גרינגו, 57.89% עם מוצילר - הכי גבוהה שנמצאה. סוכנות נסיעות אמיתית (לא רק מדיה), 1,054 ביקורים/חודש, 28 מילות מפתח, מריצה פרסום ממומן (37% מהתנועה). מבנה אתר: מודיעין יעדים (דפי עובדות קצרים לפי מדינה) + מאמרים (10 מאמרי תוכן ארוכים) + טיפים. תוכן איכותי לגודלה. 26 שורות תוכן נכנסו לטבלה בקטגוריית מקור 'סול לטינו'.","לידיעה"
"תובנה אסטרטגית","מתחרים חדשים","latini.co.il - תוכן+השכרת דירות, צמיחה מהירה","פרופיל מתחרה","חפיפה 71.43% עם מוצילר. אתר זעיר (4,580 ביקורים/חודש) אבל +1,524% צמיחת חיפוש אורגני YoY(!) - לעקוב תקופתית, עלול להפוך למתחרה אמיתי. 13 מילות מפתח בלבד, אפס השקעת SEO בכתובות URL (עדיין ?page_id=X). מוצר: השכרת דירות בדרום אמריקה (כמו MuchiCard מיני). 4 שורות נכנסו לטבלה בקטגוריית מקור 'לטיני'.","לידיעה"
"תובנה אסטרטגית","מתחרים שנפסלו","masa.co.il - לא מתחרה תוכן (ארגון רשמי)","פרופיל מתחרה - נפסל","אתר 'מסע' - הארגון הרשמי לשנת גאפ אחרי צבא. 275K ביקורים אבל חפיפת מילים נמוכה (3-4%) וזה לא אתר תוכן דרום-אמריקאי - זה ארגון עם פעילות רב-יעדית. לא רלוונטי כמקור תוכן להעתקה/השראה, רק כנקודת ייחוס מוסדית.","לידיעה"
"תובנה אסטרטגית","מתחרים שנפסלו","ish-haolam.co.il - לא מתחרה תוכן (סוכנות בוטיק)","פרופיל מתחרה - נפסל","'איש העולם' - סוכנות טיולים פרטיים בוטיק, מתמחה באסיה (וייטנאם/קמבודיה/לאוס), לא בדרום אמריקה. חפיפת 16-22% מגיעה ממונחי תכנון-יעד גנריים, לא מתוכן דרום-אמריקאי משותף. 2-3 עמודי חבילות בלבד לדרום אמריקה. לא רלוונטי כמקור השראה.","לידיעה"
"Similarweb - Long Tail","כללי - יבשת","האגמים היפים ביותר במרכז ובדרום אמריקה","רעיון חדש (מבוסס ביקוש אמיתי)","מילת חיפוש אמיתית שכבר מביאה קליקים לגרינגו: 'לים במרכז ובדרום אמריקה' - 160 קליקים, נפח חיפוש 600. Long-Tail Opportunity מאומת ע''י Similarweb.","לידיעה"
"Similarweb - Long Tail","פרו","טיול להוואי וואש בספטמבר - מדריך עונתי","רעיון חדש (מבוסס ביקוש אמיתי)","מילת חיפוש: 'טיול בספטמבר בוואי וואש' - 100 קליקים, נפח חיפוש 460. שאלת תזמון קונקרטית עם ביקוש מוכח.","לידיעה"
"Similarweb - Long Tail","כללי - יבשת","מוצ׳ילה נחשבת מזוודה או תיק יד בטיסה?","רעיון חדש (מבוסס ביקוש אמיתי)","מילת חיפוש: 'אם מוצ׳ילה נחשבת מזוודה' - 50 קליקים, נפח חיפוש 200. שאלת מטען טיסה מעשית - FAQ קצר עם ביקוש אמיתי.","לידיעה"
"Similarweb - Long Tail","ברזיל","מקומות לינה מומלצים בריו דה ז׳נרו","רעיון חדש (מבוסס ביקוש אמיתי)","מילת חיפוש: 'מקומות לינה בריו דה ז׳נרו' - נפח חיפוש 1.6K(!) הגבוה ביותר מבין ה-Long-Tail Opps. פוטנציאל תנועה משמעותי.","לידיעה"
"Similarweb - Long Tail","ברזיל","עובדות מהירות על ברזיל - כמה תושבים, שטח, שפה","רעיון חדש (מבוסס ביקוש אמיתי)","מילת חיפוש: 'כמה תושבים יש בברזיל' - נפח חיפוש 2.5K. תוכן טריוויה/עובדות מהירות - קל לכתיבה, ביקוש גבוה יחסית.","לידיעה"
"Similarweb - Long Tail","ארגנטינה","הקרחון המתנפח באל קלפטה - מדריך ביקור","רעיון חדש (מבוסס ביקוש אמיתי)","מילת חיפוש: 'קרחון מתנפח אל קלפטה' - נפח חיפוש 1K. תופעת טבע ספציפית עם ביקוש חיפוש ממוקד.","לידיעה"
"Similarweb - Long Tail","מקסיקו","מה קידומת הטלפון של מקסיקו - ועוד מידע מעשי","רעיון חדש (מבוסס ביקוש אמיתי)","מילת חיפוש: 'מה הקידומת של מקסיקו' - נפח חיפוש 230. שאלת מידע מעשי טהורה - FAQ.","לידיעה"
"Similarweb - Long Tail","בוליביה","כמה עולה ויזה לבוליביה - מדריך עדכני","רעיון חדש (מבוסס ביקוש אמיתי)","מילת חיפוש: 'כמה עולה ויזה לבוליביה' - נפח חיפוש 120. שאלת עלות קונקרטית עם כוונת רכישה/תכנון.","לידיעה"
"Similarweb - Long Tail","קוסטה ריקה","דרכי טיולים מומלצות בקוסטה ריקה","רעיון חדש (מבוסס ביקוש אמיתי)","מילת חיפוש: 'דרכי טיולים בקוסטה ריקה' - נפח חיפוש 120.","לידיעה"
"Similarweb - Long Tail","כללי - יבשת","תכנון טיול לפי טווח תאריכים ספציפי (מחשבון ימים)","רעיון חדש (מבוסס ביקוש אמיתי)","דוגמת מילת חיפוש אמיתית: 'כמה ימים בין 24 יוני ל-13 יולי' - אנשים מחפשים כלים לחישוב אורך טיול. כלי/מחשבון פשוט יכול לתפוס את כל המשפחה הזו של שאלות.","לידיעה"
"Similarweb - להימנע","כללי - יבשת","אזהרה: לא לכתוב תוכן סביב שאלות ""מה השעה ב-X""","אזהרה","מילים כמו 'מה השעה בפרו' מקבלות 90-100% zero-click rate - גוגל עונה ישירות בווידג'ט זמן, אין תנועה בפועל גם עם דירוג גבוה. Similarweb מסמן אותן 'Low Potential Keywords'. לא להשקיע כתיבה שם.","לידיעה"
"תובנה אסטרטגית","בריאות מילות מפתח לפי מדינה","מקסיקו - חזקה ומגוונת","תובנה","33 מילות מפתח אצל גרינגו (6 חודשים), הכי מגוון אחרי ארגנטינה. נפח חיפוש 7.3K על 'מקסיקו' לבד. בריאה.","לידיעה"
"תובנה אסטרטגית","בריאות מילות מפתח לפי מדינה","ארגנטינה - הכי חזקה מכל המדינות","תובנה","39 מילות מפתח, נפח חיפוש 27.5K על 'ארגנטינה' לבד - הגבוה ביותר שנמדד בכל הבדיקה. חדשה וגדלה.","לידיעה"
"תובנה אסטרטגית","בריאות מילות מפתח לפי מדינה","פרו - בריאה עם הרבה כיסוי חדש","תובנה","26 מילות מפתח, הרבה תגיות NEW (מה עשים בפרו, מתי לנסוע, הוסטלים) - כיסוי אינפורמטיבי טוב.","לידיעה"
"תובנה אסטרטגית","בריאות מילות מפתח לפי מדינה","פנמה - בריאה, אישוש נוסף להוספה","תובנה","14 מילות מפתח, כמה NEW, נפח 6.2K על 'פנמה' לבד. מאשש שההחלטה להוסיף אותה הייתה נכונה.","לידיעה"
"תובנה אסטרטגית","בריאות מילות מפתח לפי מדינה","אקוודור - בריאה","תובנה","13 מילות מפתח, כמה NEW (מינדו, טיימינג טיול), נפח 2.5K.","לידיעה"
"תובנה אסטרטגית","בריאות מילות מפתח לפי מדינה","קולומביה - מעורבת, מאבדת את מילת הויזה למוצילר","תובנה","17 מילות מפתח. חשוב: 'ויזה לקולומביה' מסומנת LOST אצל גרינגו - בדיוק המילה שמוצילר תפס כ-NEW/טרנדית. תחרות ישירה על אותה מילה, מוצילר מנצח כרגע.","לידיעה"
"תובנה אסטרטגית","בריאות מילות מפתח לפי מדינה","ברזיל - אות אזהרה: סימנים סותרים","תובנה","ב-3 חודשים: 220 קליקים +350%. ב-6 חודשים: 480 קליקים אבל -53%. זה לא סתם 'עולה' או 'יורד' - נראה כמו אתחול/תנודתיות אמיתית, לא מגמה ברורה. לפני שמשקיעים בכתבת ברזיל גדולה, כדאי לבדוק שוב בעוד חודש-חודשיים.","לידיעה"
"תובנה אסטרטגית","בריאות מילות מפתח לפי מדינה","אורוגוואי - שטוחה ויציבה, לא צומחת","תובנה","16 מילות מפתח, מילת הבסיס 'אורוגוואי' ב-0% שינוי (בדיוק שטוח). לא דועכת אבל גם לא צומחת - נישה קטנה ויציבה.","לידיעה"
"תובנה אסטרטגית","בריאות מילות מפתח לפי מדינה","ניקרגואה - חלשה ויורדת, דגל אדום","תובנה","רק 3 מילות מפתח סה''כ אצל גרינגו (הכי חלש מכל 13 המדינות), ומילת הבסיס 'ניקרגואה' יורדת ב-75%(!). זה מעדן את ההמלצה הקודמת - גם המתחרה המבוסס לא הצליח לבנות שם ביקוש אמיתי, כך שגם VAMOS יצטרך להשקיע בבניית ביקוש, לא רק לכתוב תוכן ולחכות.","לידיעה"
"תובנה אסטרטגית","בריאות מילות מפתח לפי מדינה","צ׳ילה - הכי חלשה מכל המדינות אצל גרינגו","תובנה","פחות מ-50 קליקים סה''כ על כל מילות ה'צ׳ילה' - חלשה במפתיע עבור מדינה גדולה וידועה. ייתכן שגרינגו פשוט לא ממוקד שם, או שהמתחרים האחרים (מוצילר) תופסים את הביקוש. שווה לבדוק גם את מוצילר לצ׳ילה בעתיד.","לידיעה"
"תובנה אסטרטגית","בריאות מילות מפתח לפי מדינה","גואטמלה, קוסטה ריקה, בליז - אושרו כחזקות (חזרה)","תובנה","אושרו בבדיקה נפרדת בטווחים מרובים (3+6 חודשים): שלושתן מראות מגמת עלייה עקבית, לא רעש. בליז הכי חזקה (+1,700% ב-6 חודשים).","לידיעה"
"תובנה אסטרטגית","בריאות מילות מפתח לפי מדינה","בוליביה - תוקן: בעצם יורדת, לא עולה","תובנה","ה-YoY שדווח קודם (+380%) היה מטעה. בפועל יורדת (-56% ב-3 חודשים, -50% ב-6 חודשים). כבר תוקן גם בשורת בוליביה המקורית.","לידיעה"
"תובנה אסטרטגית","קישורים נכנסים (Backlinks)","גרינגו - פרופיל קישורים איכותי אך מתכווץ","תובנה","184 דומיינים מפנים, 649 קישורים, Domain Authority 23. גרף 13 חודשים מראה ירידה עקבית: כל חודש מאבד יותר דומיינים ממה שהוא רוכש (New vs Lost תמיד שלילי מאז אוגוסט 25) - עוד אישוש לירידה הכללית. הקישור המשמעותי ביותר: lametayel.co.il (DA 17, 88 קישורים) - האתר הגדול ביותר בנישה בפועל מפנה אליו. גם קישורי שותפות אמיתיים ממלונות בפרו (hotelvalery.pe, hotelalpamayo.com).","לידיעה"
"תובנה אסטרטגית","קישורים נכנסים (Backlinks)","מוצילר - הרבה יותר קישורים אך רבים חשודים","תובנה","602 דומיינים מפנים (פי 3 מגרינגו!), 1.4K קישורים, אבל Domain Authority רק 16 (נמוך מ-23 של גרינגו). גרף הצמיחה חיובי (בניגוד לגרינגו). אזהרה: כמה מהדומיינים המובילים נראים חשודים כרשת קישורים מלאכותית (links-bhs-blue.xyz, links-bhs-green.xyz, links-bhs-yellow.xyz, links-bhs-brown.space - כולם באותו תבנית שם) - מסביר למה יש הרבה קישורים אבל דירוג סמכות נמוך יחסית. לא להעתיק אסטרטגיה כזו.","לידיעה"
"תובנה אסטרטגית","קישורים נכנסים (Backlinks)","הרף לתחרות נמוך יותר משנראה","תובנה","רוב הדומיינים המפנים לשני האתרים הם DA 0-19 - לא אתרי סמכות גדולים. VAMOS לא צריך קמפיין קישורים ענק כדי להתחרות - כמה שותפויות אמיתיות (מלונות/הוסטלים, אזכורים בקבוצות/פורומים, אולי גם lametayel.co.il עצמו) כבר יכולות לסגור את הפער.","לידיעה"
"תובנה אסטרטגית","כלים נוספים","מה עוד שווה לבדוק - Ahrefs וכלים חינמיים","תובנה","בתוך Similarweb: Backlink Analytics ו-Site Audit (כבר קיימים בחבילה, Site Audit עוד לא נבדק - יתרון טכני-SEO אפשרי). מחוץ ל-Similarweb: Ahrefs נותן אינדקס קישורים עמוק יותר, כלי Content Gap אמיתי (כל המתחרים בבת אחת), מעקב דירוג היסטורי בלי תקרת 6 חודשים, ו'Best by Links' (אילו עמודים אצל המתחרים מושכים הכי הרבה קישורים - מגלה איזה סוג תוכן מקבל שיתופים). כלים חינמיים: Google Trends (לאמת עונתיות), ו-Google Search Console ברגע ש-VAMOS יתחיל לקבל תנועה (המקור הכי מדויק, לא הערכה).","לידיעה"
"תובנה אסטרטגית","כלים נוספים","Site Audit ו-Search Tracking - מה בדיוק זמין","תובנה","Site Audit (בדיקה טכנית) נעול מאחורי חבילה יקרה יותר - לא זמין כרגע. Search Tracking (Rank Tracker) לא נעול אבל צופה קדימה בלבד - לא נותן היסטוריה על גרינגו/מוצילר, רק עוקב אחרי מילים שבוחרים החל מרגע היצירה. שווה הקמת קמפיין מעקב על VAMOS עצמו (למשל המילים הטרנדיות: גואטמלה/בליז/קוסטה ריקה) ברגע שיהיו כתבות באתר, כדי לראות התקדמות אמיתית לאורך זמן.","לידיעה"